{"stats":{"minecraft:crafted":{"minecraft:crafting_table":1,"minecraft:oak_planks":12,"minecraft:stick":4,"minecraft:wooden_axe":1},"minecraft:picked_up":{"minecraft:oak_log":3},"minecraft:mined":{"minecraft:oak_log":5},"minecraft:used":{"minecraft:wooden_axe":8,"minecraft:crafting_table":1},"minecraft:custom":{"minecraft:jump":27,"minecraft:leave_game":1,"minecraft:time_since_rest":7858,"minecraft:damage_dealt":365,"minecraft:crouch_one_cm":2079,"minecraft:sprint_one_cm":7164,"minecraft:play_time":7858,"minecraft:damage_taken":40,"minecraft:time_since_death":7858,"minecraft:walk_one_cm":34360,"minecraft:sneak_time":475,"minecraft:total_world_time":7858,"minecraft:interact_with_crafting_table":2,"minecraft:fall_one_cm":627,"minecraft:fly_one_cm":4082,"minecraft:player_kills":2}},"DataVersion":2975}