{"stats":{"minecraft:picked_up":{"minecraft:spider_eye":1,"minecraft:string":2},"minecraft:killed_by":{"undead_revamp2:the_moonflower":1},"minecraft:used":{"minecraft:elytra":1,"minecraft:firework_rocket":13},"minecraft:custom":{"minecraft:jump":50,"minecraft:time_since_rest":1516,"champions:champion_mobs_killed":1,"minecraft:damage_dealt":98,"minecraft:damage_taken":302,"minecraft:leave_game":1,"minecraft:time_since_death":1230,"minecraft:play_time":13665,"minecraft:sprint_one_cm":14949,"minecraft:walk_one_cm":18694,"minecraft:walk_on_water_one_cm":779,"minecraft:deaths":1,"minecraft:sneak_time":12,"minecraft:total_world_time":13665,"minecraft:mob_kills":1,"minecraft:fall_one_cm":1462,"minecraft:fly_one_cm":23288,"minecraft:aviate_one_cm":290799},"minecraft:killed":{"minecraft:spider":1}},"DataVersion":2975}