{"stats":{"minecraft:mined":{"minecraft:iron_ore":3,"minecraft:spruce_log":4,"minecraft:crafting_table":3,"minecraft:grass_block":2,"minecraft:oak_log":4,"minecraft:dirt":2,"minecraft:spruce_leaves":3,"minecraft:stone":61},"minecraft:killed":{"minecraft:spider":1},"minecraft:picked_up":{"minecraft:birch_log":1,"minecraft:raw_iron":3,"minecraft:crafting_table":3,"minecraft:oak_log":5,"minecraft:spruce_sapling":1,"minecraft:spruce_log":4,"minecraft:string":2,"minecraft:spider_eye":1,"minecraft:dirt":4,"minecraft:cobblestone":61},"minecraft:killed_by":{"minecraft:player":1,"undead_revamp2:the_moonflower":1},"minecraft:used":{"minecraft:firework_rocket":13,"minecraft:stone_pickaxe":57,"minecraft:elytra":1,"minecraft:wooden_pickaxe":15,"minecraft:stone_axe":2,"minecraft:dirt":4,"minecraft:crafting_table":2},"minecraft:crafted":{"minecraft:oak_planks":20,"minecraft:crafting_table":1,"minecraft:spruce_planks":16,"minecraft:stick":8,"minecraft:wooden_pickaxe":1,"minecraft:stone_pickaxe":1,"minecraft:furnace":1,"minecraft:birch_planks":4,"minecraft:stone_axe":1},"minecraft:custom":{"minecraft:time_since_rest":7732,"champions:champion_mobs_killed":1,"minecraft:sprint_one_cm":53422,"minecraft:damage_taken":513,"minecraft:walk_one_cm":76107,"minecraft:mob_kills":1,"minecraft:damage_dealt":108,"minecraft:interact_with_crafting_table":9,"minecraft:fly_one_cm":46463,"minecraft:crouch_one_cm":8737,"minecraft:play_time":31166,"minecraft:deaths":2,"minecraft:sneak_time":1337,"minecraft:aviate_one_cm":290799,"minecraft:jump":151,"minecraft:leave_game":1,"minecraft:walk_on_water_one_cm":779,"minecraft:time_since_death":6496,"minecraft:total_world_time":31166,"minecraft:fall_one_cm":3796}},"DataVersion":2975}