{"stats":{"minecraft:mined":{"minecraft:furnace":1,"minecraft:iron_ore":3,"minecraft:spruce_log":4,"minecraft:crafting_table":3,"minecraft:grass_block":2,"minecraft:oak_log":24,"minecraft:dirt":2,"minecraft:spruce_leaves":3,"minecraft:stone_bricks":1,"minecraft:stone":61,"minecraft:mossy_stone_bricks":1,"minecraft:oak_leaves":2},"minecraft:killed":{"minecraft:skeleton":1,"minecraft:sheep":4,"minecraft:pig":4,"alexsmobs:raccoon":1,"minecraft:spider":1},"minecraft:picked_up":{"minecraft:birch_log":1,"minecraft:stick":7,"minecraft:raw_iron":3,"minecraft:crafting_table":3,"minecraft:porkchop":7,"minecraft:oak_log":28,"minecraft:spruce_sapling":2,"minecraft:spruce_log":4,"minecraft:string":2,"minecraft:spider_eye":1,"minecraft:dirt":17,"minecraft:bone":1,"minecraft:arrow":2,"minecraft:wheat_seeds":1,"minecraft:oak_sapling":4,"minecraft:mutton":4,"minecraft:white_wool":4,"minecraft:cobblestone":61,"minecraft:furnace":1},"minecraft:dropped":{"minecraft:wheat_seeds":1,"minecraft:oak_sapling":4,"minecraft:spider_eye":1,"minecraft:spruce_sapling":2},"minecraft:killed_by":{"minecraft:player":1,"undead_revamp2:the_moonflower":1,"minecraft:skeleton":1},"minecraft:used":{"minecraft:cooked_mutton":3,"minecraft:firework_rocket":13,"minecraft:stone_pickaxe":60,"minecraft:oak_planks":5,"minecraft:elytra":1,"minecraft:wooden_pickaxe":15,"minecraft:stone_axe":32,"minecraft:dirt":4,"minecraft:crafting_table":2,"minecraft:furnace":1,"alexsmobs:animal_dictionary":5},"minecraft:crafted":{"minecraft:oak_planks":80,"minecraft:cooked_porkchop":7,"minecraft:crafting_table":1,"minecraft:iron_ingot":3,"minecraft:spruce_planks":16,"minecraft:stick":8,"minecraft:wooden_pickaxe":1,"minecraft:stone_pickaxe":1,"minecraft:furnace":1,"minecraft:birch_planks":4,"minecraft:stone_axe":1,"minecraft:air":0,"minecraft:cooked_mutton":4},"minecraft:custom":{"minecraft:time_since_rest":9955,"minecraft:interact_with_furnace":16,"champions:champion_mobs_killed":2,"minecraft:sprint_one_cm":130168,"minecraft:damage_taken":818,"minecraft:walk_one_cm":108383,"minecraft:mob_kills":11,"minecraft:drop":6,"minecraft:damage_dealt":1118,"minecraft:damage_dealt_absorbed":164,"minecraft:swim_one_cm":6797,"minecraft:interact_with_crafting_table":9,"minecraft:fly_one_cm":105892,"minecraft:crouch_one_cm":9751,"minecraft:play_time":43570,"minecraft:deaths":3,"minecraft:sneak_time":1491,"minecraft:walk_under_water_one_cm":2608,"minecraft:aviate_one_cm":290799,"minecraft:jump":344,"minecraft:leave_game":2,"minecraft:walk_on_water_one_cm":4540,"minecraft:time_since_death":9926,"minecraft:total_world_time":43570,"minecraft:fall_one_cm":6161}},"DataVersion":2975}