{"stats":{"minecraft:picked_up":{"minecraft:birch_log":1,"minecraft:wheat_seeds":3,"minecraft:oak_log":1,"minecraft:dirt":2},"minecraft:killed_by":{"minecraft:player":1},"minecraft:mined":{"minecraft:grass":11,"minecraft:grass_block":1,"minecraft:dirt":1,"minecraft:birch_log":2},"minecraft:used":{"minecraft:dirt":2,"alexsmobs:animal_dictionary":2},"minecraft:custom":{"minecraft:time_since_rest":84,"minecraft:crouch_one_cm":1186,"minecraft:play_time":13552,"minecraft:sprint_one_cm":15598,"minecraft:deaths":1,"minecraft:damage_taken":236,"minecraft:walk_one_cm":40389,"minecraft:sneak_time":359,"minecraft:jump":48,"minecraft:damage_dealt":124,"minecraft:leave_game":1,"minecraft:time_since_death":53,"minecraft:total_world_time":13552,"minecraft:fall_one_cm":745,"minecraft:fly_one_cm":4518}},"DataVersion":2975}