{
  "dungeons_arise:wda_root": {
    "criteria": {
      "WDA": "2024-09-29 20:34:28 +0000"
    },
    "done": true
  },
  "betterdungeons:root": {
    "criteria": {
      "always": "2024-09-29 20:34:28 +0000"
    },
    "done": true
  },
  "iceandfire:iceandfire/root": {
    "criteria": {
      "tick": "2024-09-29 20:34:28 +0000"
    },
    "done": true
  },
  "majruszsdifficulty:progressive_difficulty/normal_mode": {
    "criteria": {
      "game_state": "2024-09-29 20:34:28 +0000"
    },
    "done": true
  },
  "minecraft:end/elytra": {
    "criteria": {
      "elytra": "2024-09-29 20:35:38 +0000"
    },
    "done": true
  },
  "undead_revamp2:theundeadchallenges": {
    "criteria": {
      "theundeadchallenges": "2024-09-29 20:34:28 +0000"
    },
    "done": true
  },
  "cataclysm:root": {
    "criteria": {
      "custom_test_name": "2024-09-29 20:34:28 +0000"
    },
    "done": true
  },
  "graveyard:graveyard/dead_tree": {
    "criteria": {
      "dead_tree": "2024-09-29 20:35:59 +0000"
    },
    "done": true
  },
  "minecraft:adventure/adventuring_time": {
    "criteria": {
      "minecraft:old_growth_pine_taiga": "2024-09-29 20:36:18 +0000",
      "minecraft:taiga": "2024-09-29 20:36:01 +0000",
      "minecraft:beach": "2024-09-29 20:36:44 +0000",
      "minecraft:river": "2024-09-29 20:35:57 +0000",
      "minecraft:stony_shore": "2024-09-29 20:36:56 +0000",
      "minecraft:snowy_taiga": "2024-09-29 20:34:28 +0000",
      "minecraft:cold_ocean": "2024-09-29 20:36:48 +0000",
      "minecraft:forest": "2024-09-29 20:35:50 +0000",
      "minecraft:old_growth_spruce_taiga": "2024-09-29 20:36:23 +0000",
      "minecraft:plains": "2024-09-29 20:36:57 +0000"
    },
    "done": false
  },
  "DataVersion": 2975
}